"X","A","B","C","D","E","F","G","H","I","J","K","L","M","N","O","P","Q","R","S","T"
"low","A","T","T","GC","T","G/T","C","AG","AT","G","CA","TGGA","GTG","G/T","T","TG","A/G","C/T","C","T"
"low","A","A/T","C/T","GC/TT","A","G/T","A","TA","GC","A","TG","AAAT","ACA","T","T","CC","A/G","T","T","A"
"low","A/G","T","T","GC","A","G","A","TA","GC","A","TG","AAAT","ACA","T","G/T","CC","A/G","T","T","A"
"low","A","A/T","C/T","GC","A","G/T","A/C","AG/TA","GC","A/G","CA/TG","AAAT/TGGA","ACA/GTG","G","G/T","CC/TG","A","C","T","A/T"
"low","A","A/T","C/T","TT","T","G","C","AG","AT","G","CA","TGGA","GTG","T","G","TG","G","C","C/T","T"
"high","A","T","T","GC","A/T","G","A/C","AG/TA","AT/GC","A/G","CA/TG","AAAT/TGGA","ACA/GTG","T","T","CC/TG","G","T","C","A/T"
"low","A","A","C","GC","A/T","G/T","A/C","AG/TA","AT","A/G","CA/TG","AAAT/TGGA","ACA/GTG","G/T","T","CC/TG","A/G","T","C","A"
"low","A","A","C","GC/TT","T","T","C","AG","AT","G","CA","TGGA","GTG","T","T","TG","G","C","C/T","T"
"low","A","A","C","GC/TT","T","T","C","AG","AT","G","CA","TGGA","GTG","T","G/T","TG","A/G","C/T","T","T"
"high","A","T","T","TT","T","G","C","AG","AT","G","CA","TGGA","GTG","T","T","TG","G","C/T","T","T"
"low","A","A/T","C/T","TT","A/T","G/T","A/C","AG/TA","AT/GC","A/G","CA/TG","AAAT/TGGA","ACA/GTG","T","G/T","CC/TG","G","C","C/T","A/T"
"low","A","T","T","GC/TT","A/T","G","A/C","AG/TA","AT/GC","A","CA/TG","AAAT","ACA/GTG","G/T","G/T","CC/TG","A/G","C","C/T","A"
"low","A","A/T","C/T","GC","T","T","C","AG","GC","G","CA","TGGA","GTG","G/T","G/T","CC","A","C/T","C/T","T"
"low","A","A/T","C/T","GC/TT","T","G/T","C","AG","AT","G","CA","TGGA","GTG","G/T","T","TG","A/G","C","C/T","T"
"low","A","A/T","C/T","GC/TT","A/T","T","A/C","AG/TA","AT/GC","A/G","CA/TG","AAAT/TGGA","ACA/GTG","T","G/T","CC/TG","G","T","T","A/T"
"low","A/G","T","T","GC/TT","A/T","G/T","A/C","AG/TA","GC","A/G","CA/TG","AAAT/TGGA","ACA/GTG","G/T","G","CC/TG","A/G","C","C/T","A/T"
"low","A","A","C","GC/TT","T","G/T","C","AG","AT","G","CA","TGGA","GTG","G/T","G","TG","A/G","C","C/T","T"
"low","A","A","C","GC/TT","T","G/T","C","AG","GC","A/G","CA","AAAT/TGGA","GTG","G/T","G","TG","A/G","T","T","A/T"
"high","A/G","A","C","TT","A","G/T","A","TA","GC","A","TG","AAAT","ACA","T","G/T","CC","G","C/T","T","A"
"high","A/G","T","T","GC/TT","A","G","A","TA","AT/GC","A","TG","AAAT","ACA","T","T","CC","G","C","C/T","A"
"high","A/G","T","T","GC/TT","A/T","T","A/C","TA","GC","A","CA/TG","AAAT","ACA/GTG","G","G/T","CC/TG","A","C","C","A"
"low","A","A/T","C/T","GC/TT","A/T","G/T","A/C","AG/TA","AT","G","CA/TG","TGGA","ACA/GTG","G/T","G","TG","A/G","C/T","C/T","A/T"
"high","A/G","A","C","GC","A","T","A","TA","GC","A","TG","AAAT","ACA","G","T","CC","A","C","T","A"
"low","A","A/T","C/T","TT","A/T","G/T","A/C","AG/TA","AT/GC","A/G","CA/TG","AAAT/TGGA","ACA/GTG","T","G/T","CC/TG","G","C","C","A/T"
"high","A/G","A/T","C/T","GC/TT","A/T","G","C","TA","GC","A","CA/TG","AAAT","ACA/GTG","T","T","CC/TG","A/G","C/T","C","A"
"high","A/G","A","C","GC/TT","A","T","A","TA","GC","A","TG","AAAT","ACA","G/T","T","CC/TG","G","C","C/T","A"
"low","A","T","T","TT","T","G/T","C","AG","AT","G","CA","TGGA","GTG","T","T","TG","G","C","C","T"
"high","A","A/T","C/T","GC","A","G/T","A","TA","AT/GC","A/G","TG","AAAT/TGGA","ACA","G/T","G/T","CC","A/G","C","C/T","A/T"
"high","A","T","T","TT","A/T","G","A/C","AG/TA","AT/GC","A/G","CA/TG","AAAT/TGGA","ACA/GTG","G/T","G/T","CC/TG","G","C","T","A/T"
"low","A","T","T","GC/TT","A","G/T","A","TA","AT/GC","A","TG","AAAT","ACA","G","T","CC","A","C","C/T","A"
"low","A","T","T","GC","T","G","C","AG","AT","G","CA","TGGA","GTG","G","G","TG","A","C/T","C","T"
"low","A/G","A","C","TT","A","T","A","TA","AT/GC","A","TG","AAAT","ACA","G/T","T","CC","A/G","C/T","C/T","A"
"low","A","A/T","C/T","GC","T","T","C","AG","AT","G","CA","TGGA","GTG","G","G/T","TG","A","C","C/T","T"
"high","A/G","T","T","GC","A","G","A/C","TA","AT/GC","A/G","CA/TG","AAAT/TGGA","ACA/GTG","G","G","CC/TG","A/G","T","C","A"
"low","A","A","C","TT","A/T","T","A","AG/TA","AT/GC","A/G","CA/TG","AAAT/TGGA","ACA/GTG","T","T","CC","G","C/T","C/T","A/T"
"high","A","A/T","C/T","GC","T","G/T","C","AG","AT/GC","G","CA","TGGA","GTG","G","G/T","TG","A","C","T","T"
"low","A","A/T","C/T","TT","A/T","G","C","AG/TA","AT","A/G","CA/TG","AAAT/TGGA","ACA/GTG","G/T","T","CC/TG","G","C/T","T","A/T"
"high","A","A/T","C/T","GC","T","G/T","C","AG","AT","G","CA","TGGA","GTG","G","T","TG","A","C/T","C","T"
"low","A","A/T","C/T","TT","T","G/T","C","AG","GC","G","CA","TGGA","GTG","G","G/T","TG","A","C","C","T"
"high","A/G","A/T","C/T","TT","A/T","G","A/C","AG/TA","AT/GC","A","CA/TG","AAAT","ACA/GTG","G/T","T","CC/TG","G","T","T","A"
"low","A/G","A","C","GC/TT","A/T","G/T","C","TA","AT/GC","A","CA/TG","AAAT","ACA/GTG","G/T","G/T","CC/TG","A/G","C/T","C/T","A"
"low","A","A/T","C/T","GC/TT","A","G/T","A","TA","GC","A","TG","AAAT","ACA","G","T","CC","A","C/T","C/T","A"
"low","A","A","C","TT","A/T","G/T","A/C","AG/TA","AT/GC","A/G","CA/TG","AAAT/TGGA","ACA/GTG","T","G/T","CC/TG","G","T","C/T","A/T"
"low","A","A/T","C/T","GC/TT","A/T","G/T","A/C","AG/TA","AT/GC","A","CA/TG","AAAT","ACA/GTG","G/T","G/T","CC/TG","G","T","C","A"
"low","A","A/T","C/T","TT","A/T","G","C","AG/TA","GC","A/G","CA/TG","AAAT/TGGA","ACA/GTG","G/T","G/T","CC/TG","A/G","C/T","T","A/T"
"low","A","A/T","C/T","GC","A","G/T","A","TA","GC","A/G","TG","AAAT/TGGA","ACA","G","T","CC","A","C","C","A/T"
"low","A/G","A/T","C/T","GC","A","G/T","A","TA","GC","A/G","TG","AAAT/TGGA","ACA","G/T","G","CC","A/G","C/T","C/T","A/T"
"high","A","T","T","TT","A","G","A","TA","GC","A","TG","AAAT","ACA","G","G/T","CC","A","C/T","C/T","A"
"low","G","A","C","GC","A/T","T","A/C","AG/TA","AT","A/G","CA/TG","AAAT/TGGA","ACA/GTG","G/T","G","CC/TG","A/G","C","C/T","A/T"
"high","A","A","C","GC","A/T","T","A/C","AG/TA","AT/GC","A/G","CA/TG","AAAT/TGGA","ACA/GTG","G","T","CC/TG","A","C/T","C/T","A/T"
"low","A/G","T","T","GC/TT","A","G/T","A","TA","GC","A","TG","AAAT","ACA","G","G","CC","A","C/T","C","A"
"low","A","A","C","TT","A","T","A","TA","GC","A","TG","AAAT","ACA","G/T","G/T","CC","A/G","T","C/T","A"
"low","A/G","A/T","C/T","GC","A/T","T","A/C","AG/TA","AT","A/G","CA/TG","AAAT/TGGA","ACA/GTG","G","G/T","CC/TG","A/G","T","C/T","A/T"
"low","A","A/T","C/T","GC/TT","A/T","G/T","C","AG","AT/GC","G","CA","TGGA","GTG","T","G/T","CC/TG","G","T","C","T"
"high","A/G","A/T","C/T","TT","A/T","G","A/C","AG/TA","GC","A/G","CA/TG","AAAT/TGGA","ACA/GTG","G/T","G/T","CC/TG","A/G","C/T","T","A/T"
"low","A","A/T","C/T","GC","T","G/T","C","AG/TA","AT","A/G","CA","AAAT/TGGA","GTG","G/T","G/T","TG","A/G","C/T","C/T","A/T"
"low","A/G","A/T","C/T","GC/TT","A/T","G","A/C","AG/TA","AT","A/G","CA/TG","AAAT/TGGA","ACA/GTG","T","G/T","TG","G","T","C","A/T"
"low","A/G","A","C","GC/TT","A/T","G/T","A/C","AG/TA","AT/GC","A/G","CA/TG","AAAT/TGGA","ACA/GTG","G","G/T","CC/TG","A/G","C/T","C/T","A/T"
"low","A","A","C","TT","A","T","A","TA","GC","A/G","TG","AAAT/TGGA","ACA","G/T","G/T","CC","A/G","C/T","T","A/T"
"high","A","T","T","GC/TT","T","G","C","AG","AT","G","CA","TGGA","GTG","G","T","TG","A","C/T","C/T","T"
"low","A","T","T","TT","A/T","G","A/C","AG/TA","AT/GC","A","CA/TG","AAAT","ACA/GTG","G","G","CC/TG","A","C","C/T","A"
"high","A","T","T","GC","A","G/T","A","TA","GC","A","TG","AAAT","ACA","G","T","CC","A","T","C","T"
"low","A/G","A/T","C/T","TT","A","G/T","A","TA","AT/GC","A","TG","AAAT","ACA","T","T","CC","G","C","C/T","A"
"low","A/G","A","C","GC/TT","A/T","T","A/C","AG/TA","GC","A/G","CA/TG","AAAT/TGGA","ACA/GTG","G/T","G/T","CC/TG","G","C/T","C","A/T"
"low","A","T","T","TT","A","G","A","TA","GC","A","TG","AAAT","ACA","G/T","G","CC","A/G","C/T","C","A"
"high","A","A","C","TT","T","T","C","AG","AT","G","CA","TGGA","GTG","G/T","G/T","TG","A/G","C","T","T"
"high","A/G","A","C","GC","A","T","A","TA","AT/GC","A","TG","AAAT","ACA","T","T","CC","A","C","C/T","A"
"high","A","A","C","GC/TT","A/T","T","A","AG/TA","AT/GC","A/G","CA/TG","AAAT/TGGA","ACA/GTG","G","T","CC/TG","A","T","C","A/T"
"low","A","T","T","GC/TT","T","G/T","C","AG","AT/GC","G","CA","TGGA","GTG","T","G","TG","G","T","C","T"
"low","A","A","C","TT","A","T","A","TA","AT","A/G","TG","AAAT/TGGA","ACA","T","G/T","TG","G","C","C","A/T"
"low","A","A","C","GC/TT","T","G/T","C","AG","AT","G","CA","TGGA","GTG","G/T","G","TG","A/G","T","C","T"
"low","A/G","A","C","GC","A","T","A","TA","GC","A","TG","AAAT","ACA","G","T","CC","A","C/T","C/T","A"
"low","A","T","T","GC","A","G/T","A","TA","GC","G","TG","TGGA","ACA","G","G/T","CC","A/G","T","C/T","T"
"low","A","A/T","C/T","GC/TT","A/T","G","C","AG/TA","AT","A/G","CA/TG","AAAT/TGGA","ACA/GTG","G/T","G/T","CC/TG","A","C/T","C","A/T"
"low","A/G","A","C","GC/TT","A/T","T","A/C","AG/TA","GC","A/G","CA/TG","AAAT/TGGA","ACA/GTG","G/T","G/T","CC/TG","A/G","C","C/T","A/T"
"low","A","A","C","TT","A/T","G/T","A/C","AG/TA","GC","A/G","CA/TG","AAAT/TGGA","ACA/GTG","G/T","G/T","CC/TG","G","C/T","T","A/T"
"low","A","T","T","GC","T","G","C","AG","AT/GC","A/G","CA","AAAT/TGGA","GTG","T","G/T","TG","A","T","T","A/T"
"low","A","A/T","C/T","GC/TT","T","G/T","C","AG","AT","G","CA","TGGA","GTG","T","G/T","TG","A/G","C/T","C/T","T"
"high","A/G","T","T","GC/TT","T","G","C","AG","AT","A","CA","AAAT","GTG","G/T","T","TG","A/G","C/T","C/T","A"
"low","A/G","A","C","TT","A/T","T","C","AG/TA","AT/GC","A/G","CA/TG","AAAT/TGGA","ACA/GTG","T","G","CC/TG","G","C/T","C","A/T"
"low","A/G","A","C","GC/TT","A/T","T","A/C","AG/TA","AT","G","CA/TG","TGGA","ACA/GTG","G/T","G/T","CC/TG","G","C/T","C/T","A/T"
"low","A/G","A","C","TT","A/T","T","A/C","AG/TA","GC","A/G","CA/TG","AAAT/TGGA","ACA/GTG","T","T","CC/TG","G","C/T","T","A/T"
"high","A","A/T","C/T","GC","A/T","G","C","AG","AT/GC","A/G","CA/TG","AAAT/TGGA","ACA/GTG","G","G/T","CC/TG","A","T","C/T","A/T"
"low","A","A","C","TT","A/T","T","A/C","AG/TA","AT/GC","A/G","CA/TG","AAAT/TGGA","ACA/GTG","T","T","CC/TG","G","C","T","A/T"
"low","A","A","C","TT","T","T","C","AG","GC","G","CA","TGGA","GTG","T","G/T","TG","G","C","C/T","T"
"high","A","T","T","TT","A/T","G","A/C","AG/TA","AT/GC","A/G","CA/TG","AAAT/TGGA","ACA/GTG","G/T","T","CC/TG","A","C/T","T","A/T"
"high","A/G","A/T","C/T","TT","A","G/T","A","TA","AT/GC","A","TG","AAAT","ACA","T","G","CC","G","C","T","A"
"high","A","A","C","GC","A/T","G/T","A/C","TA","AT/GC","A","CA/TG","AAAT","ACA/GTG","G/T","T","CC/TG","A/G","C","C/T","A"
